{
    "objects": [
        {
            "name": "NurbsPath.032",
            "points": [
                {
                    "x": -3.833686351776123,
                    "y": -6.257756233215332,
                    "z": 3.0442419052124023
                },
                {
                    "x": -3.8524367809295654,
                    "y": -6.257755756378174,
                    "z": 3.0840415954589844
                },
                {
                    "x": -3.8524367809295654,
                    "y": -6.284648895263672,
                    "z": 3.0840415954589844
                },
                {
                    "x": -3.886446237564087,
                    "y": -6.28464937210083,
                    "z": 3.1580722332000732
                },
                {
                    "x": -3.886446237564087,
                    "y": -6.301768779754639,
                    "z": 3.1580722332000732
                },
                {
                    "x": -3.9043166637420654,
                    "y": -6.301768779754639,
                    "z": 3.1963956356048584
                },
                {
                    "x": -3.9043166637420654,
                    "y": -6.337594985961914,
                    "z": 3.1963956356048584
                },
                {
                    "x": -3.910076379776001,
                    "y": -6.337594985961914,
                    "z": 3.208747625350952
                },
                {
                    "x": -3.910076379776001,
                    "y": -6.346292495727539,
                    "z": 3.208747625350952
                },
                {
                    "x": -3.9267594814300537,
                    "y": -6.346292495727539,
                    "z": 3.2445247173309326
                }
            ]
        },
        {
            "name": "NurbsPath.031",
            "points": [
                {
                    "x": -3.8331220149993896,
                    "y": -6.250064373016357,
                    "z": 3.0430381298065186
                },
                {
                    "x": -3.8603672981262207,
                    "y": -6.250063896179199,
                    "z": 3.1009726524353027
                },
                {
                    "x": -3.8603672981262207,
                    "y": -6.267477035522461,
                    "z": 3.1009726524353027
                },
                {
                    "x": -3.9043195247650146,
                    "y": -6.267477512359619,
                    "z": 3.196401357650757
                },
                {
                    "x": -3.9043195247650146,
                    "y": -6.286864757537842,
                    "z": 3.196401357650757
                },
                {
                    "x": -3.9266631603240967,
                    "y": -6.286864757537842,
                    "z": 3.2443182468414307
                }
            ]
        },
        {
            "name": "NurbsPath.030",
            "points": [
                {
                    "x": -3.833927869796753,
                    "y": -6.242473602294922,
                    "z": 3.0447657108306885
                },
                {
                    "x": -3.8877923488616943,
                    "y": -6.242473602294922,
                    "z": 3.1609599590301514
                },
                {
                    "x": -3.8877923488616943,
                    "y": -6.254571914672852,
                    "z": 3.1609599590301514
                },
                {
                    "x": -3.911865472793579,
                    "y": -6.254571914672852,
                    "z": 3.2125837802886963
                },
                {
                    "x": -3.911865472793579,
                    "y": -6.266636848449707,
                    "z": 3.2125837802886963
                },
                {
                    "x": -3.9195029735565186,
                    "y": -6.266636848449707,
                    "z": 3.2289626598358154
                },
                {
                    "x": -3.9195029735565186,
                    "y": -6.282004356384277,
                    "z": 3.2289626598358154
                },
                {
                    "x": -3.9267776012420654,
                    "y": -6.282004356384277,
                    "z": 3.2445638179779053
                }
            ]
        },
        {
            "name": "NurbsPath.029",
            "points": [
                {
                    "x": -3.833885908126831,
                    "y": -6.235152721405029,
                    "z": 3.0446760654449463
                },
                {
                    "x": -3.855443000793457,
                    "y": -6.235152244567871,
                    "z": 3.0904130935668945
                },
                {
                    "x": -3.855443000793457,
                    "y": -6.224898338317871,
                    "z": 3.0904130935668945
                },
                {
                    "x": -3.8865606784820557,
                    "y": -6.224898815155029,
                    "z": 3.158318281173706
                },
                {
                    "x": -3.8865606784820557,
                    "y": -6.196594715118408,
                    "z": 3.158318281173706
                },
                {
                    "x": -3.9168741703033447,
                    "y": -6.196594715118408,
                    "z": 3.22332501411438
                },
                {
                    "x": -3.9168741703033447,
                    "y": -6.18781042098999,
                    "z": 3.22332501411438
                },
                {
                    "x": -3.926898717880249,
                    "y": -6.18781042098999,
                    "z": 3.2448232173919678
                }
            ]
        },
        {
            "name": "NurbsPath.004",
            "points": [
                {
                    "x": -3.833867311477661,
                    "y": -6.230135440826416,
                    "z": 3.0446360111236572
                },
                {
                    "x": -3.850308418273926,
                    "y": -6.230134963989258,
                    "z": 3.0794014930725098
                },
                {
                    "x": -3.850308418273926,
                    "y": -6.19491720199585,
                    "z": 3.0794014930725098
                },
                {
                    "x": -3.880175828933716,
                    "y": -6.194917678833008,
                    "z": 3.144625425338745
                },
                {
                    "x": -3.880175828933716,
                    "y": -6.146122932434082,
                    "z": 3.144625425338745
                },
                {
                    "x": -3.8970143795013428,
                    "y": -6.146122932434082,
                    "z": 3.1807363033294678
                },
                {
                    "x": -3.8970143795013428,
                    "y": -6.131621837615967,
                    "z": 3.1807363033294678
                },
                {
                    "x": -3.9080235958099365,
                    "y": -6.131621837615967,
                    "z": 3.2043449878692627
                },
                {
                    "x": -3.9080235958099365,
                    "y": -6.085087299346924,
                    "z": 3.2043449878692627
                },
                {
                    "x": -3.9267451763153076,
                    "y": -6.085087299346924,
                    "z": 3.2444941997528076
                }
            ]
        },
        {
            "name": "NurbsPath.024",
            "points": [
                {
                    "x": -4.667325019836426,
                    "y": -6.166957855224609,
                    "z": 4.831760406494141
                },
                {
                    "x": -4.641720294952393,
                    "y": -6.166957855224609,
                    "z": 4.776851177215576
                },
                {
                    "x": -4.641720294952393,
                    "y": -6.140064716339111,
                    "z": 4.776851177215576
                },
                {
                    "x": -4.626052379608154,
                    "y": -6.140064716339111,
                    "z": 4.743251800537109
                },
                {
                    "x": -4.626052379608154,
                    "y": -6.122945308685303,
                    "z": 4.743251800537109
                },
                {
                    "x": -4.608181953430176,
                    "y": -6.122945308685303,
                    "z": 4.704928398132324
                },
                {
                    "x": -4.608181953430176,
                    "y": -6.087119102478027,
                    "z": 4.704928398132324
                },
                {
                    "x": -4.60242223739624,
                    "y": -6.087119102478027,
                    "z": 4.6925764083862305
                },
                {
                    "x": -4.60242223739624,
                    "y": -6.078421592712402,
                    "z": 4.6925764083862305
                },
                {
                    "x": -4.5857391357421875,
                    "y": -6.078421592712402,
                    "z": 4.65679931640625
                }
            ]
        },
        {
            "name": "NurbsPath.025",
            "points": [
                {
                    "x": -4.668004989624023,
                    "y": -6.174649715423584,
                    "z": 4.833219051361084
                },
                {
                    "x": -4.632528781890869,
                    "y": -6.174649715423584,
                    "z": 4.757140636444092
                },
                {
                    "x": -4.632528781890869,
                    "y": -6.157236576080322,
                    "z": 4.757140636444092
                },
                {
                    "x": -4.608179092407227,
                    "y": -6.157236576080322,
                    "z": 4.704922676086426
                },
                {
                    "x": -4.608179092407227,
                    "y": -6.1378493309021,
                    "z": 4.704922676086426
                },
                {
                    "x": -4.5858354568481445,
                    "y": -6.1378493309021,
                    "z": 4.657005786895752
                }
            ]
        },
        {
            "name": "NurbsPath.026",
            "points": [
                {
                    "x": -4.66719913482666,
                    "y": -6.1822404861450195,
                    "z": 4.831491470336914
                },
                {
                    "x": -4.624706268310547,
                    "y": -6.1822404861450195,
                    "z": 4.740364074707031
                },
                {
                    "x": -4.624706268310547,
                    "y": -6.17014217376709,
                    "z": 4.740364074707031
                },
                {
                    "x": -4.600633144378662,
                    "y": -6.17014217376709,
                    "z": 4.688740253448486
                },
                {
                    "x": -4.600633144378662,
                    "y": -6.158077239990234,
                    "z": 4.688740253448486
                },
                {
                    "x": -4.592995643615723,
                    "y": -6.158077239990234,
                    "z": 4.672361373901367
                },
                {
                    "x": -4.592995643615723,
                    "y": -6.142709732055664,
                    "z": 4.672361373901367
                },
                {
                    "x": -4.585721015930176,
                    "y": -6.142709732055664,
                    "z": 4.656760215759277
                }
            ]
        },
        {
            "name": "NurbsPath.027",
            "points": [
                {
                    "x": -4.667241096496582,
                    "y": -6.189561367034912,
                    "z": 4.831581115722656
                },
                {
                    "x": -4.637453079223633,
                    "y": -6.189561367034912,
                    "z": 4.7677001953125
                },
                {
                    "x": -4.637453079223633,
                    "y": -6.199815273284912,
                    "z": 4.7677001953125
                },
                {
                    "x": -4.6259379386901855,
                    "y": -6.199815273284912,
                    "z": 4.743005752563477
                },
                {
                    "x": -4.6259379386901855,
                    "y": -6.228119373321533,
                    "z": 4.743005752563477
                },
                {
                    "x": -4.5956244468688965,
                    "y": -6.228119373321533,
                    "z": 4.677999019622803
                },
                {
                    "x": -4.5956244468688965,
                    "y": -6.236903667449951,
                    "z": 4.677999019622803
                },
                {
                    "x": -4.585599899291992,
                    "y": -6.236903667449951,
                    "z": 4.656500816345215
                }
            ]
        },
        {
            "name": "NurbsPath.028",
            "points": [
                {
                    "x": -4.667259693145752,
                    "y": -6.194578647613525,
                    "z": 4.831621170043945
                },
                {
                    "x": -4.642587661743164,
                    "y": -6.194578647613525,
                    "z": 4.778711795806885
                },
                {
                    "x": -4.642587661743164,
                    "y": -6.229796409606934,
                    "z": 4.778711795806885
                },
                {
                    "x": -4.632322788238525,
                    "y": -6.229796409606934,
                    "z": 4.7566986083984375
                },
                {
                    "x": -4.632322788238525,
                    "y": -6.278591156005859,
                    "z": 4.7566986083984375
                },
                {
                    "x": -4.615484237670898,
                    "y": -6.278591156005859,
                    "z": 4.720587730407715
                },
                {
                    "x": -4.615484237670898,
                    "y": -6.293092250823975,
                    "z": 4.720587730407715
                },
                {
                    "x": -4.604475021362305,
                    "y": -6.293092250823975,
                    "z": 4.69697904586792
                },
                {
                    "x": -4.604475021362305,
                    "y": -6.339626789093018,
                    "z": 4.69697904586792
                },
                {
                    "x": -4.585753440856934,
                    "y": -6.339626789093018,
                    "z": 4.656829833984375
                }
            ]
        },
        {
            "name": "NurbsPath",
            "points": [
                {
                    "x": -4.667757034301758,
                    "y": -7.188840866088867,
                    "z": 4.83267068862915
                },
                {
                    "x": -4.6169281005859375,
                    "y": -7.188840866088867,
                    "z": 4.723667621612549
                },
                {
                    "x": -4.6169281005859375,
                    "y": -7.0905537605285645,
                    "z": 4.723667621612549
                },
                {
                    "x": -4.590572357177734,
                    "y": -7.0905537605285645,
                    "z": 4.667147636413574
                },
                {
                    "x": -4.590572357177734,
                    "y": -6.993407726287842,
                    "z": 4.667147636413574
                },
                {
                    "x": -4.576559543609619,
                    "y": -6.993407726287842,
                    "z": 4.637096405029297
                },
                {
                    "x": -4.576559543609619,
                    "y": -6.921926975250244,
                    "z": 4.637096405029297
                }
            ]
        },
        {
            "name": "NurbsPath.001",
            "points": [
                {
                    "x": -4.667757034301758,
                    "y": -7.193673610687256,
                    "z": 4.83267068862915
                },
                {
                    "x": -4.6245927810668945,
                    "y": -7.193673610687256,
                    "z": 4.740103721618652
                },
                {
                    "x": -4.6245927810668945,
                    "y": -7.100286960601807,
                    "z": 4.740103721618652
                },
                {
                    "x": -4.596385478973389,
                    "y": -7.100286960601807,
                    "z": 4.6796135902404785
                },
                {
                    "x": -4.596385478973389,
                    "y": -7.003140926361084,
                    "z": 4.6796135902404785
                },
                {
                    "x": -4.56888484954834,
                    "y": -7.003140926361084,
                    "z": 4.620638370513916
                },
                {
                    "x": -4.56888484954834,
                    "y": -6.920985698699951,
                    "z": 4.620638370513916
                }
            ]
        },
        {
            "name": "NurbsPath.002",
            "points": [
                {
                    "x": -4.667447090148926,
                    "y": -7.202060699462891,
                    "z": 4.832005023956299
                },
                {
                    "x": -4.598521709442139,
                    "y": -7.202060699462891,
                    "z": 4.684194087982178
                },
                {
                    "x": -4.598521709442139,
                    "y": -7.072287082672119,
                    "z": 4.684194087982178
                },
                {
                    "x": -4.572720527648926,
                    "y": -7.072287082672119,
                    "z": 4.628864288330078
                },
                {
                    "x": -4.572720527648926,
                    "y": -7.0355095863342285,
                    "z": 4.628864288330078
                },
                {
                    "x": -4.549896717071533,
                    "y": -7.0355095863342285,
                    "z": 4.579918384552002
                },
                {
                    "x": -4.549896717071533,
                    "y": -7.024864196777344,
                    "z": 4.579918384552002
                },
                {
                    "x": -4.539270401000977,
                    "y": -7.024864196777344,
                    "z": 4.557129859924316
                },
                {
                    "x": -4.539270401000977,
                    "y": -6.920600891113281,
                    "z": 4.557129859924316
                }
            ]
        },
        {
            "name": "NurbsPath.003",
            "points": [
                {
                    "x": -4.667648792266846,
                    "y": -7.2115607261657715,
                    "z": 4.832437515258789
                },
                {
                    "x": -4.5889787673950195,
                    "y": -7.2115607261657715,
                    "z": 4.663730144500732
                },
                {
                    "x": -4.5889787673950195,
                    "y": -7.144597053527832,
                    "z": 4.663730144500732
                },
                {
                    "x": -4.541858673095703,
                    "y": -7.144597053527832,
                    "z": 4.562680244445801
                },
                {
                    "x": -4.541858673095703,
                    "y": -7.10831356048584,
                    "z": 4.562680244445801
                },
                {
                    "x": -4.5232768058776855,
                    "y": -7.10831356048584,
                    "z": 4.522831439971924
                },
                {
                    "x": -4.5232768058776855,
                    "y": -7.050403594970703,
                    "z": 4.522831439971924
                },
                {
                    "x": -4.506377220153809,
                    "y": -7.050403594970703,
                    "z": 4.4865899085998535
                },
                {
                    "x": -4.506377220153809,
                    "y": -6.921128273010254,
                    "z": 4.4865899085998535
                }
            ]
        },
        {
            "name": "Scheme1.005",
            "points": [
                {
                    "x": -3.8269553184509277,
                    "y": -7.711286544799805,
                    "z": 3.0423781871795654
                },
                {
                    "x": -3.8320837020874023,
                    "y": -7.726649284362793,
                    "z": 3.039417028427124
                },
                {
                    "x": -3.919379234313965,
                    "y": -7.726648330688477,
                    "z": 3.2117981910705566
                },
                {
                    "x": -3.914250612258911,
                    "y": -7.4463701248168945,
                    "z": 3.214759111404419
                },
                {
                    "x": -3.9242167472839355,
                    "y": -7.4463701248168945,
                    "z": 3.2381722927093506
                },
                {
                    "x": -3.9242167472839355,
                    "y": -7.245429039001465,
                    "z": 3.2381722927093506
                },
                {
                    "x": -4.039312839508057,
                    "y": -7.245429039001465,
                    "z": 3.4849965572357178
                },
                {
                    "x": -4.039312839508057,
                    "y": -6.9361653327941895,
                    "z": 3.4849965572357178
                },
                {
                    "x": -4.046065807342529,
                    "y": -6.9361653327941895,
                    "z": 3.5008137226104736
                },
                {
                    "x": -4.046065807342529,
                    "y": -6.9163689613342285,
                    "z": 3.5008137226104736
                }
            ]
        },
        {
            "name": "Scheme1.004",
            "points": [
                {
                    "x": -3.826145887374878,
                    "y": -7.711215019226074,
                    "z": 3.0428454875946045
                },
                {
                    "x": -4.016654968261719,
                    "y": -7.711214065551758,
                    "z": 3.4386098384857178
                },
                {
                    "x": -4.016654968261719,
                    "y": -7.47125244140625,
                    "z": 3.4386098384857178
                },
                {
                    "x": -4.0564422607421875,
                    "y": -7.47125244140625,
                    "z": 3.5239336490631104
                },
                {
                    "x": -4.0564422607421875,
                    "y": -7.2575249671936035,
                    "z": 3.5239336490631104
                },
                {
                    "x": -4.078731536865234,
                    "y": -7.2575249671936035,
                    "z": 3.571732759475708
                },
                {
                    "x": -4.078731536865234,
                    "y": -7.052565097808838,
                    "z": 3.571732759475708
                },
                {
                    "x": -4.100609302520752,
                    "y": -7.052565097808838,
                    "z": 3.6164939403533936
                },
                {
                    "x": -4.100609302520752,
                    "y": -6.94666862487793,
                    "z": 3.6164939403533936
                },
                {
                    "x": -4.1135334968566895,
                    "y": -6.94666862487793,
                    "z": 3.643921136856079
                },
                {
                    "x": -4.1135334968566895,
                    "y": -6.916116237640381,
                    "z": 3.643921136856079
                }
            ]
        },
        {
            "name": "Scheme1.003",
            "points": [
                {
                    "x": -3.8174824714660645,
                    "y": -7.706403732299805,
                    "z": 3.0478475093841553
                },
                {
                    "x": -3.9477877616882324,
                    "y": -7.7064032554626465,
                    "z": 3.314504861831665
                },
                {
                    "x": -3.9477877616882324,
                    "y": -7.531656265258789,
                    "z": 3.314504861831665
                },
                {
                    "x": -3.984616756439209,
                    "y": -7.531656265258789,
                    "z": 3.393484354019165
                },
                {
                    "x": -3.984616756439209,
                    "y": -7.398047924041748,
                    "z": 3.393484354019165
                },
                {
                    "x": -4.106518745422363,
                    "y": -7.398049831390381,
                    "z": 3.632528066635132
                },
                {
                    "x": -4.106518745422363,
                    "y": -7.116449356079102,
                    "z": 3.632528066635132
                },
                {
                    "x": -4.1660475730896,
                    "y": -7.116002559661865,
                    "z": 3.7590267658233643
                },
                {
                    "x": -4.1660475730896,
                    "y": -6.914938449859619,
                    "z": 3.7590267658233643
                }
            ]
        },
        {
            "name": "Scheme1.002",
            "points": [
                {
                    "x": -3.8235740661621094,
                    "y": -7.702041149139404,
                    "z": 3.044330358505249
                },
                {
                    "x": -3.8585562705993652,
                    "y": -7.702041149139404,
                    "z": 3.119349718093872
                },
                {
                    "x": -3.8585562705993652,
                    "y": -7.538672924041748,
                    "z": 3.119349718093872
                },
                {
                    "x": -3.897080898284912,
                    "y": -7.53867244720459,
                    "z": 3.189182996749878
                },
                {
                    "x": -3.897080898284912,
                    "y": -7.354024887084961,
                    "z": 3.189182996749878
                },
                {
                    "x": -3.944718837738037,
                    "y": -7.354025363922119,
                    "z": 3.2837650775909424
                },
                {
                    "x": -3.944718837738037,
                    "y": -7.024691581726074,
                    "z": 3.2837650775909424
                },
                {
                    "x": -4.025971412658691,
                    "y": -7.024416446685791,
                    "z": 3.4585771560668945
                },
                {
                    "x": -4.025971412658691,
                    "y": -6.917041301727295,
                    "z": 3.4585771560668945
                }
            ]
        },
        {
            "name": "Scheme1.001",
            "points": [
                {
                    "x": -3.8259530067443848,
                    "y": -7.715536117553711,
                    "z": 3.0431110858917236
                },
                {
                    "x": -3.9358839988708496,
                    "y": -7.715535640716553,
                    "z": 3.2660746574401855
                },
                {
                    "x": -3.9358839988708496,
                    "y": -7.476295471191406,
                    "z": 3.2660746574401855
                },
                {
                    "x": -3.9651718139648438,
                    "y": -7.476295471191406,
                    "z": 3.328883171081543
                },
                {
                    "x": -3.9651718139648438,
                    "y": -7.155813217163086,
                    "z": 3.328883171081543
                },
                {
                    "x": -4.048130989074707,
                    "y": -7.155813217163086,
                    "z": 3.506789207458496
                },
                {
                    "x": -4.048130989074707,
                    "y": -7.10312557220459,
                    "z": 3.506789207458496
                },
                {
                    "x": -4.057866096496582,
                    "y": -7.10312557220459,
                    "z": 3.5276660919189453
                },
                {
                    "x": -4.057866096496582,
                    "y": -7.051433563232422,
                    "z": 3.5276660919189453
                },
                {
                    "x": -4.064117431640625,
                    "y": -7.051433563232422,
                    "z": 3.541072368621826
                },
                {
                    "x": -4.064117431640625,
                    "y": -6.9449782371521,
                    "z": 3.541072368621826
                },
                {
                    "x": -4.082144737243652,
                    "y": -6.9449782371521,
                    "z": 3.5772881507873535
                },
                {
                    "x": -4.082144737243652,
                    "y": -6.916080474853516,
                    "z": 3.5772881507873535
                }
            ]
        },
        {
            "name": "Scheme1.007",
            "points": [
                {
                    "x": -4.668975353240967,
                    "y": -7.715823173522949,
                    "z": 4.83526086807251
                },
                {
                    "x": -4.668975353240967,
                    "y": -7.724831581115723,
                    "z": 4.83526086807251
                },
                {
                    "x": -4.617617130279541,
                    "y": -7.724831581115723,
                    "z": 4.725122451782227
                },
                {
                    "x": -4.617617130279541,
                    "y": -7.450907230377197,
                    "z": 4.725122451782227
                },
                {
                    "x": -4.602702617645264,
                    "y": -7.450907230377197,
                    "z": 4.693138599395752
                },
                {
                    "x": -4.602702617645264,
                    "y": -7.249966144561768,
                    "z": 4.693138599395752
                },
                {
                    "x": -4.487606525421143,
                    "y": -7.249966144561768,
                    "z": 4.446314334869385
                },
                {
                    "x": -4.487606525421143,
                    "y": -6.940702438354492,
                    "z": 4.446314334869385
                },
                {
                    "x": -4.48085355758667,
                    "y": -6.940702438354492,
                    "z": 4.430497169494629
                },
                {
                    "x": -4.48085355758667,
                    "y": -6.920906066894531,
                    "z": 4.430497169494629
                }
            ]
        },
        {
            "name": "Scheme1.008",
            "points": [
                {
                    "x": -4.668975353240967,
                    "y": -7.715823173522949,
                    "z": 4.83526086807251
                },
                {
                    "x": -4.50945520401001,
                    "y": -7.715823173522949,
                    "z": 4.493168354034424
                },
                {
                    "x": -4.50945520401001,
                    "y": -7.475861549377441,
                    "z": 4.493168354034424
                },
                {
                    "x": -4.469667911529541,
                    "y": -7.475861549377441,
                    "z": 4.407844543457031
                },
                {
                    "x": -4.469667911529541,
                    "y": -7.262134075164795,
                    "z": 4.407844543457031
                },
                {
                    "x": -4.447378635406494,
                    "y": -7.262134075164795,
                    "z": 4.360045433044434
                },
                {
                    "x": -4.447378635406494,
                    "y": -7.057174205780029,
                    "z": 4.360045433044434
                },
                {
                    "x": -4.425500869750977,
                    "y": -7.057174205780029,
                    "z": 4.315284252166748
                },
                {
                    "x": -4.425500869750977,
                    "y": -6.951277732849121,
                    "z": 4.315284252166748
                },
                {
                    "x": -4.412576675415039,
                    "y": -6.951277732849121,
                    "z": 4.2878570556640625
                },
                {
                    "x": -4.412576675415039,
                    "y": -6.920725345611572,
                    "z": 4.2878570556640625
                }
            ]
        },
        {
            "name": "Scheme1.009",
            "points": [
                {
                    "x": -4.668975353240967,
                    "y": -7.711781978607178,
                    "z": 4.83526086807251
                },
                {
                    "x": -4.5696587562561035,
                    "y": -7.711781978607178,
                    "z": 4.622275352478027
                },
                {
                    "x": -4.5696587562561035,
                    "y": -7.53703498840332,
                    "z": 4.622275352478027
                },
                {
                    "x": -4.532829761505127,
                    "y": -7.53703498840332,
                    "z": 4.543295860290527
                },
                {
                    "x": -4.532829761505127,
                    "y": -7.403426647186279,
                    "z": 4.543295860290527
                },
                {
                    "x": -4.410927772521973,
                    "y": -7.403428554534912,
                    "z": 4.3042521476745605
                },
                {
                    "x": -4.410927772521973,
                    "y": -7.121828079223633,
                    "z": 4.3042521476745605
                },
                {
                    "x": -4.384160995483398,
                    "y": -7.121828079223633,
                    "z": 4.246094226837158
                },
                {
                    "x": -4.384160995483398,
                    "y": -6.920763969421387,
                    "z": 4.246094226837158
                }
            ]
        },
        {
            "name": "Scheme1.011",
            "points": [
                {
                    "x": -4.668975353240967,
                    "y": -7.706878185272217,
                    "z": 4.83526086807251
                },
                {
                    "x": -4.633993148803711,
                    "y": -7.706878185272217,
                    "z": 4.760241508483887
                },
                {
                    "x": -4.633993148803711,
                    "y": -7.5435099601745605,
                    "z": 4.760241508483887
                },
                {
                    "x": -4.626457214355469,
                    "y": -7.5435099601745605,
                    "z": 4.744080066680908
                },
                {
                    "x": -4.626457214355469,
                    "y": -7.358862400054932,
                    "z": 4.744080066680908
                },
                {
                    "x": -4.578819274902344,
                    "y": -7.35886287689209,
                    "z": 4.649497985839844
                },
                {
                    "x": -4.578819274902344,
                    "y": -7.029529094696045,
                    "z": 4.649497985839844
                },
                {
                    "x": -4.4944658279418945,
                    "y": -7.029529571533203,
                    "z": 4.476476192474365
                },
                {
                    "x": -4.4944658279418945,
                    "y": -6.922154426574707,
                    "z": 4.476476192474365
                }
            ]
        },
        {
            "name": "Scheme1.012",
            "points": [
                {
                    "x": -4.6675286293029785,
                    "y": -7.720290184020996,
                    "z": 4.835941791534424
                },
                {
                    "x": -4.588586330413818,
                    "y": -7.720290184020996,
                    "z": 4.666650295257568
                },
                {
                    "x": -4.588586330413818,
                    "y": -7.48105001449585,
                    "z": 4.666650295257568
                },
                {
                    "x": -4.559298515319824,
                    "y": -7.48105001449585,
                    "z": 4.603841781616211
                },
                {
                    "x": -4.559298515319824,
                    "y": -7.160567760467529,
                    "z": 4.603841781616211
                },
                {
                    "x": -4.476339340209961,
                    "y": -7.160567760467529,
                    "z": 4.425935745239258
                },
                {
                    "x": -4.476339340209961,
                    "y": -7.107880115509033,
                    "z": 4.425935745239258
                },
                {
                    "x": -4.466604232788086,
                    "y": -7.107880115509033,
                    "z": 4.405058860778809
                },
                {
                    "x": -4.466604232788086,
                    "y": -7.056188106536865,
                    "z": 4.405058860778809
                },
                {
                    "x": -4.460352897644043,
                    "y": -7.056188106536865,
                    "z": 4.391652584075928
                },
                {
                    "x": -4.460352897644043,
                    "y": -6.949732780456543,
                    "z": 4.391652584075928
                },
                {
                    "x": -4.442325592041016,
                    "y": -6.949732780456543,
                    "z": 4.3554368019104
                },
                {
                    "x": -4.442325592041016,
                    "y": -6.920835018157959,
                    "z": 4.3554368019104
                }
            ]
        }
    ],
    "closed": false
}